 ,Science and Technology,Mental Health,Art and Culture
The Benefits of Learning a Second Language,0.7525068,0.7511371,0.73879004
The Evolution of Music Streaming,0.7526139,0.73658633,0.7540277
The Fascination of Deep Space,0.8082404,0.7307776,0.74715257
The Future of Artificial Intelligence,0.788013,0.75753075,0.7515681
The Impact of Social Media on Society,0.75939125,0.8023565,0.74234986
The Mystery of the Bermuda Triangle,0.7574644,0.7139504,0.7343409
The Power of Mindfulness and Meditation,0.75438017,0.8156178,0.73943895
The Psychology of Procrastination,0.72924525,0.752288,0.697955
The Rise of Electric Vehicles (EVs),0.77001697,0.7150094,0.71920896
The Role of Urban Green Spaces,0.75678796,0.79067516,0.760386
